<?xml version="1.0" encoding="UTF-8"?>
<consumerCodeList>
  
    <info name="K+2qFCIIuzs=" value="zEtdZOteu9A="/>
    <info name="HhPyb1I/X38=" value="Vun6irLvWxJMA2za3BFRoi2XyeXkMypdRTZpFxHy2xk="/>
    <info name="GgLfinTY1u9ayDld0SZ0Vg==" value="aqY+oMXOICE="/>
    <info name="KsYPG2/wAfIRZj11LiAb0g==" value="kekBkHSIsOY="/>
    <info name="scX8LcJIjATJ505leQIQmw==" value="x9OP34Y1YOM="/>
    <info name="+wCnwbVKOk0=" value="4+h4A6dfx+cZd3lFRlE7/d4T8GHeTDG3oFDA48JiSpZ6JqmIAuKK8w=="/>
    <info name="k5ey4T96MpPsSWmVlv9sCw==" value="Eo88JtByUv59m+Ox+86BpnPXgWHUkHbM/vws7iZu0mk="/>
    <info name="fi1nEJ+f5S1zhaJRWmZuGA==" value="Eo88JtByUv6+pz8NZhaTmw=="/>
    <info name="m4/WaHQ5Xrc=" value="WFYWPrp7Ea/0oEEh9lCC1A=="/>
    <info name="AlDWi8bl2/bzTg3d3zZK/g==" value="UQ8scV4U858="/>
    <info name="qwBSSJjxT8qKapO1CbJkaA==" value="JKRFvnUEW6OWqOArx1lvQg=="/>
    <info name="RGVw4AQRs/I6priG96EeCQ==" value="jUM1i5vftXnJiw33A8jOMQ=="/>
    <info name="DsqqGcbpjC07RVpsENnKjw==" value="zo7TVDcbKPeDG/PN12Uo9I8GFqo6+11X"/>
    <info name="Iw39W6xW2WgpkFZONZWB/Q==" value="zo7TVDcbKPfXtwnat88+OfgP3Ve6mhAXUgQX/ijoGhFT26u++/rEZkJqJTWR QajWKckDrKX3dpU="/>
    <info name="HDobt+0GN++sGd1E6xqHXQ==" value="wQokaRO7nBgf5V93R3zLCg=="/>
    <info name="0VWu3O9n+DogtRWbAX6B8w==" value="kpUdHSXIXlo="/>
    <info name="DsqqGcbpjC07RVpsENnKjw==" value="IHyUOjQGCiOGcjBuraTCY1ZhoXbDtFoM"/>
    <info name="Iw39W6xW2WgpkFZONZWB/Q==" value="wtvum+wr9VaQ//LJ+RD2YGFbOK7NIR4Zhg/Pin2nYHNF5zkUi8Lg4dcTTovi +I1QmGVvyM+QDBBcYpzV9y4oLg=="/>
    <info name="HDobt+0GN++sGd1E6xqHXQ==" value="Io+VsfUS5PILCCwxWJwZ7Q=="/>
    <info name="0VWu3O9n+DogtRWbAX6B8w==" value="8zOvISvzYp0="/>
    <info name="DsqqGcbpjC07RVpsENnKjw==" value="gJEO/Xc8ffCem3MGaS90+/Hn/kcJ/7bm"/>
    <info name="Iw39W6xW2WgpkFZONZWB/Q==" value="d7uJZb3Z1rRE+3UHm1+M/X4uvr74MZ2Pod+30drycqpvsm34btzS/uriY0Eh f8nz3iFiAOYsbAui05kEuGznw0uVGLGN0jUJ"/>
    <info name="HDobt+0GN++sGd1E6xqHXQ==" value="Em75XjfVRiftkFS+UQxQ5A=="/>
    <info name="0VWu3O9n+DogtRWbAX6B8w==" value="jPxSHbxNmf4="/>
    <info name="DsqqGcbpjC07RVpsENnKjw==" value="LshWjZ3St00TevSYRWqy+sxy80xsz4pf"/>
    <info name="Iw39W6xW2WgpkFZONZWB/Q==" value="tZiDsx7IatO4NDxv4O8JA/5OVvbPpukfhB1CDrylMSs6hLZHVP1JV+LCpxHo xSXBqACu0Tu+SnRHUlbOmsLhFYvaT4sVK2uzplQ4gaVTrhc="/>
    <info name="HDobt+0GN++sGd1E6xqHXQ==" value="wRMGnE7kHaEdRAS0s90PEw=="/>
    <info name="0VWu3O9n+DogtRWbAX6B8w==" value="BNA1sCh2RUM="/>
    <info name="DsqqGcbpjC07RVpsENnKjw==" value="y0+O0P51XlRY45YPRDfGyKMR0sfLLUk2"/>
    <info name="Iw39W6xW2WgpkFZONZWB/Q==" value="y0+O0P51XlRgMSQd+DhBiLEWPFcszUTLKF1UeZYC/b+RIg0LK6/tiHkgtiaz 0NT3S4pXTPRmtsmaYN14HzDs0mK8WC4txy8J"/>
    <info name="HDobt+0GN++sGd1E6xqHXQ==" value="9m0sUOzBIztNb46V6nGVGQ=="/>
    <info name="0VWu3O9n+DogtRWbAX6B8w==" value="mlGeiOij3Es="/>
    <info name="DsqqGcbpjC07RVpsENnKjw==" value="+0TD3HA6j8qBDqni/NnoSA=="/>
    <info name="Iw39W6xW2WgpkFZONZWB/Q==" value="+0TD3HA6j8p3SLOwUYtHUOTAySd1NyXWrRgwOty7UAKu7BV8JKIZs5NvpBZl aNV0sjmiyrfeYDJVSEb0TmlajSf2f3r15OwY"/>
    <info name="HDobt+0GN++sGd1E6xqHXQ==" value="yjr77OpQJasozmgAf3gwAA=="/>
    <info name="0VWu3O9n+DogtRWbAX6B8w==" value="mvjJqs/8i4c="/>
    <info name="DsqqGcbpjC07RVpsENnKjw==" value="yv/BjYc8mMdfK8bSJEEwfLN6o9kizBzl"/>
    <info name="Iw39W6xW2WgpkFZONZWB/Q==" value="tpYCAusqZIs0mSJVtaXQDmdtDqWykpjtc/v6fIQa6aDTNSTfRayBb/JCySD+ 03/CmgYnvdQ1lKYc+3t26Ppthg=="/>
    <info name="HDobt+0GN++sGd1E6xqHXQ==" value="tH5HeQNJnzzi34Ty/RIQNw=="/>
    <info name="0VWu3O9n+DogtRWbAX6B8w==" value="lxSsYDJlLio="/>
    <info name="DsqqGcbpjC07RVpsENnKjw==" value="GZ++qcpcXXl+7F7OsBAlHnlPisbEXhZj"/>
    <info name="Iw39W6xW2WgpkFZONZWB/Q==" value="GiHQI1u/vfu7nupYp/2pLcd3zxBpTeGSoBWu9Y8/X7d51dm9SoeVpKp0+2Lp Z0ZYA8VSV6FN+2ADyCtHJVTKAG6HA21uTR127OytRHpqhiE="/>
    <info name="HDobt+0GN++sGd1E6xqHXQ==" value="V+CZC5kr/RQjTlzGL2oOsw=="/>
    <info name="0VWu3O9n+DogtRWbAX6B8w==" value="W4E1tHhwsM4="/>
    <info name="DsqqGcbpjC07RVpsENnKjw==" value="8Y7khe+B7Ffx1CN4pbzFwWRPtpiLoD57"/>
    <info name="Iw39W6xW2WgpkFZONZWB/Q==" value="8Y7khe+B7FdTs6xdGTJO3iLjjm71RkcwmC/+GN2UQmIHWf5oK8YTCrhCcpZa tCqeWfNgav7sUUjDjWJGL+RUjMHvNEbcLOSDZgu852hm8oc="/>
    <info name="HDobt+0GN++sGd1E6xqHXQ==" value="Q6YzToY6vyWN+uxhhUMeoQ=="/>
    <info name="0VWu3O9n+DogtRWbAX6B8w==" value="njqt9Puhaeg="/>
    <info name="DsqqGcbpjC07RVpsENnKjw==" value="p0Pp6jMUWiIWeUyXp2ebXBy31/GXeSB3"/>
    <info name="Iw39W6xW2WgpkFZONZWB/Q==" value="+mZ0PtkqOH78vIUCd7vw5T2wlgKmha2Tmyev8vXc0BYWDsjYxRrQyhuur96A nfvaskTKGdG2p9uVnR/kUbJhivkuvfk74XiMFbhQbCrbKEpVVtXKrnPk+w=="/>
    <info name="HDobt+0GN++sGd1E6xqHXQ==" value="DQV6O9AqVfMf6tTrbZSPNg=="/>
    <info name="0VWu3O9n+DogtRWbAX6B8w==" value="nK3WvwiVeMI="/>
    <info name="DsqqGcbpjC07RVpsENnKjw==" value="D/oo2lkCup81DubWqwxEIQu+x135/UR7"/>
    <info name="Iw39W6xW2WgpkFZONZWB/Q==" value="D/oo2lkCup+e7iMyUP5f9a8hrAR1U8xk/omnZtT5aE1T0RtTdwDBGcyHL/2e Ly79Hz3pcmdLQLG29BaiMkkvTwcJl58CAsRudpq5Ecu1u7Y="/>
    <info name="HDobt+0GN++sGd1E6xqHXQ==" value="xf/aSViJT/JN8OICxWm2ug=="/>
    <info name="0VWu3O9n+DogtRWbAX6B8w==" value="GqIw9go/AjI="/>
    <info name="DsqqGcbpjC07RVpsENnKjw==" value="R/7y7gJyIz1nq3+k4Xm9LHdhjhjtXH9l"/>
    <info name="Iw39W6xW2WgpkFZONZWB/Q==" value="+X49PAMqT452Ewe0nZnIpr86gzVVxw17ZYIOQ0Tkkan6mFm7jiSckbYttPnn 5mJUWeBsp+bwhjkFqHj1dm/gYGN/Q1uhBQsRm3ff++CA9YSfJuxHKy+fbg=="/>
    <info name="HDobt+0GN++sGd1E6xqHXQ==" value="aql4XOXP9gX/wjEgFL2Nig=="/>
    <info name="0VWu3O9n+DogtRWbAX6B8w==" value="QfSPIC5Eq5w="/>
    <info name="DsqqGcbpjC07RVpsENnKjw==" value="L3ngd+lqe4+aVZl9QMJ7GGCS77SUx9Lc"/>
    <info name="Iw39W6xW2WgpkFZONZWB/Q==" value="L3ngd+lqe48pwVYQ3pzJgeyJDV3CFbUjf0vwSI6pGEv5I8kwEw1py3cdN0v/ VSNHkBFsSZi4aKKm17VQI9+OAU+sfRqXM4ttm344ZoVcHEI="/>
    <info name="HDobt+0GN++sGd1E6xqHXQ==" value="+nRnEY1e6nJe712S1JH1xQ=="/>
    <info name="0VWu3O9n+DogtRWbAX6B8w==" value="kO8s9OsKTIk="/>
  
</consumerCodeList>
